href,title
https://thefinancialexpress.com.bd//,
https://thefinancialexpress.com.bd//,Home
https://thefinancialexpress.com.bd//economy,Economy
https://thefinancialexpress.com.bd//page/economy/bangladesh,Bangladesh
https://thefinancialexpress.com.bd//page/economy/global,Global
https://thefinancialexpress.com.bd//stock,Stock
https://thefinancialexpress.com.bd//page/stock/bangladesh,Bangladesh
https://thefinancialexpress.com.bd//page/stock/global,Global
https://thefinancialexpress.com.bd//trade,Trade
https://thefinancialexpress.com.bd//national,National
https://thefinancialexpress.com.bd//page/national/politics,Politics
https://thefinancialexpress.com.bd//page/national/country,Country
https://thefinancialexpress.com.bd//page/national/crime,Law & Order
https://thefinancialexpress.com.bd//world,World
https://thefinancialexpress.com.bd//page/world/america,America
https://thefinancialexpress.com.bd//page/world/asia,Asia/South Asia
https://thefinancialexpress.com.bd//page/world/europe,Europe
https://thefinancialexpress.com.bd//page/world/africa,Africa
https://thefinancialexpress.com.bd//editorial,Editorial
https://thefinancialexpress.com.bd//views,Views
https://thefinancialexpress.com.bd//page/views/reviews,Reviews
https://thefinancialexpress.com.bd//page/views/opinions,Opinions
https://thefinancialexpress.com.bd//page/views/columns,Columns
https://thefinancialexpress.com.bd//page/views/analysis,Analysis
https://thefinancialexpress.com.bd//page/views/letters,Letters
https://thefinancialexpress.com.bd//page/views/economic-trends-and-insights,Economic Trends and Insights
https://thefinancialexpress.com.bd//,More
https://thefinancialexpress.com.bd//education,Education
https://thefinancialexpress.com.bd//page/education/article,Article
https://thefinancialexpress.com.bd//media,Media
https://thefinancialexpress.com.bd//bn,Bangla
https://thefinancialexpress.com.bd//sci-tech,Sci-Tech
https://thefinancialexpress.com.bd//health,Health
https://thefinancialexpress.com.bd//sports,Sports
https://thefinancialexpress.com.bd//page/sports/cricket,Cricket
https://thefinancialexpress.com.bd//page/sports/football,Football
https://thefinancialexpress.com.bd//page/sports/more-sports,More Sports
https://thefinancialexpress.com.bd//lifestyle,Lifestyle
https://thefinancialexpress.com.bd//page/lifestyle/living,Living
https://thefinancialexpress.com.bd//page/lifestyle/entertainment,Entertainment
https://thefinancialexpress.com.bd//page/lifestyle/food,Food
https://thefinancialexpress.com.bd//page/lifestyle/culture,Culture
https://thefinancialexpress.com.bd//page/lifestyle/others,Others
https://thefinancialexpress.com.bd//environment,Environment
https://thefinancialexpress.com.bd//jobs-and-opportunities,Jobs and Opportunities
https://thefinancialexpress.com.bd//youth-and-entrepreneurship,Youth and Entrepreneurs
https://thefinancialexpress.com.bd//page/youth-and-entrepreneurship/startups,Startups
https://thefinancialexpress.com.bd//#,32nd year of publication
https://thefinancialexpress.com.bd//all-news,Today's News
https://thefinancialexpress.com.bd//all-news,Politics
https://thefinancialexpress.com.bd//,Country & Crime
https://thefinancialexpress.com.bd//page/education/article,Articles & OP-ED
https://thefinancialexpress.com.bd//lifestyle,OP-ED | Lifestyle
https://thefinancialexpress.com.bd//all-news,Most Read
https://thefinancialexpress.com.bd/tel:+8801917231083,01917231083
https://thefinancialexpress.com.bd/tel:+8801323723397,01323723397
https://thefinancialexpress.com.bd/mailto:feadvt93@gmail.com,feadvt93@gmail.com
https://thefinancialexpress.com.bd/mailto:editor@thefinancialexpress.com.bd,editor@thefinancialexpress.com.bd
https://thefinancialexpress.com.bd/mailto:fexpress68@gmail.com,fexpress68@gmail.com
https://thefinancialexpress.com.bd/mailto:feonline99@gmail.com,feonline99@gmail.com
https://thefinancialexpress.com.bd//all-news,All News
https://thefinancialexpress.com.bd/javascript:void(0),Ad Tariff
https://thefinancialexpress.com.bd//sitemap,Sitemap
https://thefinancialexpress.com.bd//about-us,About Us
https://thefinancialexpress.com.bd//contact-us,Contact Us
https://thefinancialexpress.com.bd//terms-of-Service,Terms of Service
https://thefinancialexpress.com.bd//privacy-policy,Privacy Policy
